body_html,body_text,display_format,id,image_url1,image_url10,image_url11,image_url12,image_url13,image_url14,image_url15,image_url16,image_url17,image_url18,image_url19,image_url2,image_url20,image_url3,image_url4,image_url5,image_url6,image_url7,image_url8,image_url9,isActive,learn_more_link,name,page_categories,page_id,page_name,page_profile_picture_url,page_profile_uri,ppAudienceNetwork,ppFacebook,ppInstagram,ppMessenger,sponsored,startDate,video_url1,video_url10,video_url11,video_url12,video_url13,video_url14,video_url15,video_url2,video_url3,video_url4,video_url5,video_url6,video_url7,video_url8,video_url9
"The easy-on, easy-off Phantom GT Academy FlyEase MG soccer cleat is on <a href=""https://l.facebook.com/l.php?u=http%3A%2F%2FNike.com%2F&amp;h=AT0wrwZqdY93QVHHCyWJ4gHLcHGiEGrDh0xUNaDOWVoyJJIi6AYGe5GcEHrIFGOxnT4E6WcfIet-ThET_PX_yqUzp14ZrEJ7WHPKLCSfVptMLSAMamjszsJACg2lI-PyVF194EapbZpMXLPrLSv5"" rel=""nofollow noopener"" target=""_blank"" data-lynx-mode=""asynclazy"">Nike.com.</a> Shop now.","The easy-on, easy-off Phantom GT Academy FlyEase MG soccer cleat is on
Nike.com.
Shop now.",video,966249187234439,,,,,,,,,,,,,,,,,,,,,True,https://www.nike.com/t/phantom-gt-academy-flyease-mg-multi-ground-soccer-cleat-k22R2s/DA2835-160,,"Product/Service,Sporting Goods",51212153078,Nike Football,profile_pictures/51212153078.jpg,https://www.facebook.com/nikefootball/,False,False,True,False,Sponsored,15/12/2020 @09:00AM,videos/129720940_141645300731614_8963633241334656864_n.mp4,,,,,,,,,,,,,,
"Unlock your skills in the new Phantom Scorpion Elite FG soccer cleat. Shop it on <a href=""https://l.facebook.com/l.php?u=http%3A%2F%2FNike.com%2F&amp;h=AT0EUmE2BZvrYnpYTla9_DVqMIjzIyKibOAlPL1bmRjni9RFcZVeSv80tjvjwjnVSzRXS2Q5PiOcf1PcKDrvCVeRVPQCu6RP-2X0e2Hfy1u1N8GWIOMGQZae_Xh64JpQodvBupH8oYuyRlPjIPLT"" rel=""nofollow noopener"" target=""_blank"" data-lynx-mode=""asynclazy"">Nike.com.</a>","Unlock your skills in the new Phantom Scorpion Elite FG soccer cleat. Shop it on
Nike.com.",video,165842115239309,,,,,,,,,,,,,,,,,,,,,True,https://www.nike.com/t/phantom-scorpion-elite-fg-firm-ground-soccer-cleat-V7jrd0,,"Product/Service,Sporting Goods",51212153078,Nike Football,profile_pictures/51212153078.jpg,https://www.facebook.com/nikefootball/,False,False,True,False,Sponsored,15/12/2020 @09:00AM,videos/126098378_3210759105696069_259416311502355321_n.mp4,,,,,,,,,,,,,,
"The easy-on, easy-off Phantom GT Academy FlyEase MG soccer cleat is on <a href=""https://l.facebook.com/l.php?u=http%3A%2F%2FNike.com%2F&amp;h=AT3iOsECeXPFrixufDMDZ0MTIw1AZttAlW6h2NWJiaH86auQkimSiCy0b4aHp8MMUkwlE85BC_3YRWNCkaItDAkydvSQlfYRPsq9Ua0AyDu-gs57-AXHsyTJogK_oSS78s1scyrck2BbpK1_7BM3"" rel=""nofollow noopener"" target=""_blank"" data-lynx-mode=""asynclazy"">Nike.com.</a> Shop now.","The easy-on, easy-off Phantom GT Academy FlyEase MG soccer cleat is on
Nike.com.
Shop now.",image,212597600429819,images/130265218_669350133703582_5938999869532057226_n.jpg,,,,,,,,,,,,,,,,,,,,True,https://www.nike.com/t/phantom-gt-academy-flyease-mg-multi-ground-soccer-cleat-k22R2s/DA2835-160,,"Product/Service,Sporting Goods",51212153078,Nike Football,profile_pictures/51212153078.jpg,https://www.facebook.com/nikefootball/,False,False,True,False,Sponsored,15/12/2020 @09:00AM,,,,,,,,,,,,,,,
"The easy-on, easy-off Phantom GT Academy FlyEase MG soccer cleat is on <a href=""https://l.facebook.com/l.php?u=http%3A%2F%2FNike.com%2F&amp;h=AT0ysDVx3TSFiLy_NBYFVbzsXUoRZIndwub-eQt94kAB0M7KjbDFNRIbAGj5jrPiB2gd529gMkWx93YRxmStCBOPDHJGDEiIkx5lO81yntEAJINWn1MvojQVGKbBJiy9Ui9zQAd8HqMIxkUk-av1"" rel=""nofollow noopener"" target=""_blank"" data-lynx-mode=""asynclazy"">Nike.com.</a> Shop now.","The easy-on, easy-off Phantom GT Academy FlyEase MG soccer cleat is on
Nike.com.
Shop now.",image,3562958953795943,images/131331314_189784466137522_7835473609331062613_n.jpg,,,,,,,,,,,,,,,,,,,,True,https://fb.com/canvas_doc/3377095079066148,,"Product/Service,Sporting Goods",51212153078,Nike Football,profile_pictures/51212153078.jpg,https://www.facebook.com/nikefootball/,False,False,True,False,Sponsored,15/12/2020 @09:00AM,,,,,,,,,,,,,,,
"The easy-on, easy-off Phantom GT Academy FlyEase MG soccer cleat is on <a href=""https://l.facebook.com/l.php?u=http%3A%2F%2FNike.com%2F&amp;h=AT3W-QzaHzP48hSuxTSPNhEn-YbTGBFPsHwqt6s5b2D4ec2GW1VOkVe24HI6mFdOS8S6Kfgv7DqbqTw1jAz_PUszG2ag33dCa2ve1prTURxURCrj6Dd_XX0mwoGuGei14r61N6ceSPcFuJrXRJZN"" rel=""nofollow noopener"" target=""_blank"" data-lynx-mode=""asynclazy"">Nike.com.</a> Shop now.","The easy-on, easy-off Phantom GT Academy FlyEase MG soccer cleat is on
Nike.com.
Shop now.",image,832555437597399,images/131411977_2801636693394462_744557819422142101_n.jpg,,,,,,,,,,,,,,,,,,,,True,https://www.nike.com/t/phantom-gt-academy-flyease-mg-multi-ground-soccer-cleat-k22R2s/DA2835-160,,"Product/Service,Sporting Goods",51212153078,Nike Football,profile_pictures/51212153078.jpg,https://www.facebook.com/nikefootball/,False,False,True,False,Sponsored,15/12/2020 @09:00AM,,,,,,,,,,,,,,,
"The easy-on, easy-off Phantom GT Academy FlyEase MG soccer cleat is on <a href=""https://l.facebook.com/l.php?u=http%3A%2F%2FNike.com%2F&amp;h=AT09F6Z7wxgUmFHVj32QDUEARdGEbdd-lEpzi4oTROYJT-JnHQ6_J2U9bzpIOerx_-o89c6lNSMNuYJlVF5UJGA8H7UshBnsl5U4Vj3QCZaZjD4EUb6bQhyRoCir80MS1oruPHNFW7HbIvdCEA4g"" rel=""nofollow noopener"" target=""_blank"" data-lynx-mode=""asynclazy"">Nike.com.</a> Shop now.","The easy-on, easy-off Phantom GT Academy FlyEase MG soccer cleat is on
Nike.com.
Shop now.",video,242732910610278,,,,,,,,,,,,,,,,,,,,,True,https://www.nike.com/t/phantom-gt-academy-flyease-mg-multi-ground-soccer-cleat-k22R2s/DA2835-160,,"Product/Service,Sporting Goods",51212153078,Nike Football,profile_pictures/51212153078.jpg,https://www.facebook.com/nikefootball/,False,False,True,False,Sponsored,15/12/2020 @09:00AM,videos/128250999_208515197399537_1705516640757599020_n.mp4,,,,,,,,,,,,,,
"Aprovecha los Nike Days para conseguir el regalo perfecto con hasta el 50% de descuento. Visita nuestro CatÃ¡logo Digital, elige el artÃ­culo que vaya con sus objetivos y te lo llevamos a casa. PromociÃ³n vÃ¡lida del 16 de diciembre hasta agotar stock. No aplica con otras promociones. Encuentra los productos Nike con descuento aquÃ­: <a href=""https://l.facebook.com/l.php?u=https%3A%2F%2Fcatalogodeportivo.com%2F&amp;h=AT18Oy-i40NWeJYQEM1wXNroz0eoqG_n2N0L6UMBef83SHIGj3v6R_KGmSk8kuRznFsbHkWsRaCvQw-GRSlFu8pnul6JRV3FMNVfTHTTYja5q6qtv9wNi6v3kGVdHIcjxldgk6Di2dqdEQjRFK6Q"" rel=""nofollow noopener"" target=""_blank"" data-lynx-mode=""asynclazy"">https://catalogodeportivo.com/</a>","Aprovecha los Nike Days para conseguir el regalo perfecto con hasta el 50% de descuento. Visita nuestro CatÃ¡logo Digital, elige el artÃ­culo que vaya con sus objetivos y te lo llevamos a casa. PromociÃ³n vÃ¡lida del 16 de diciembre hasta agotar stock. No aplica con otras promociones. Encuentra los productos Nike con descuento aquÃ­:
https://catalogodeportivo.com/",carousel,441919793477439,images/131535782_2512567965707803_2232502234748330948_n.jpg,,,,,,,,,,,images/130846126_889134728523567_6572190634413036230_n.jpg,,images/131361476_684194455609535_2424667702406540214_n.jpg,images/130941846_925511447981372_7025780409829376828_n.jpg,images/131756299_211618217245488_6643933823799369718_n.jpg,images/131658412_378632826772485_8526677842793658847_n.jpg,images/131081011_461009754911454_7332099387432285174_n.jpg,,,True,https://www.catalogodeportivo.com/,,"Product/Service,Sporting Goods",51212153078,Nike Football,profile_pictures/51212153078.jpg,https://www.facebook.com/nikefootball/,False,True,False,False,Sponsored,17/12/2020 @09:00AM,,,,,,,,,,,,,,,
"The easy-on, easy-off Phantom GT Academy FlyEase MG soccer cleat is on <a href=""https://l.facebook.com/l.php?u=http%3A%2F%2FNike.com%2F&amp;h=AT0e5Bf-t5pp2lh30SzYppemx5aWIrMgbot6JSmHD6HeG9CihYIzCbjspcXZow0MuIlKxJIFqdMnwtHrPeRYIEkg5LjPwzqB7FZi8M9e0r6Wq6glZ8vGb47j4dVLzVVmI7ubmpoUslW8tRN8jUy8"" rel=""nofollow noopener"" target=""_blank"" data-lynx-mode=""asynclazy"">Nike.com.</a> Shop now.","The easy-on, easy-off Phantom GT Academy FlyEase MG soccer cleat is on
Nike.com.
Shop now.",image,305528954101992,images/130170493_392111768764835_1763928023376606508_n.jpg,,,,,,,,,,,,,,,,,,,,True,https://fb.com/canvas_doc/228653518646651,,"Product/Service,Sporting Goods",51212153078,Nike Football,profile_pictures/51212153078.jpg,https://www.facebook.com/nikefootball/,False,False,True,False,Sponsored,15/12/2020 @09:00AM,,,,,,,,,,,,,,,
"Unlock your skills in the new Phantom Scorpion Elite FG soccer cleat. Shop it on <a href=""https://l.facebook.com/l.php?u=http%3A%2F%2FNike.com%2F&amp;h=AT0K0lkIuYeY56dy96Gu4ry1yAsNdVxX-NBzclD-xeZeVaHtLngg3RTuBgOv6EDjyWdcOEX9LMLROybv6JLsYOGSdeAQQH5Vdh29kGg95OjWkRAjGUilHyPbxvBcOd2S0JwaMqNQWW4k839lLpAs"" rel=""nofollow noopener"" target=""_blank"" data-lynx-mode=""asynclazy"">Nike.com.</a>","Unlock your skills in the new Phantom Scorpion Elite FG soccer cleat. Shop it on
Nike.com.",image,988798221603581,images/131084211_297474511679979_1409284582607547471_n.jpg,,,,,,,,,,,,,,,,,,,,True,https://www.nike.com/t/phantom-scorpion-elite-fg-firm-ground-soccer-cleat-V7jrd0,,"Product/Service,Sporting Goods",51212153078,Nike Football,profile_pictures/51212153078.jpg,https://www.facebook.com/nikefootball/,False,False,True,False,Sponsored,15/12/2020 @09:00AM,,,,,,,,,,,,,,,
"Unlock your skills in the new Phantom Scorpion Elite FG soccer cleat. Shop it on <a href=""https://l.facebook.com/l.php?u=http%3A%2F%2FNike.com%2F&amp;h=AT0uuE44OqPBMrO3YNv5Mdqu5qfnH2fAG_G_QeV3TWB9I9dQiqahrPSy8Dfz17JWIiG-8JPM2kRRPyT-dkEfo4FyoVSF1uamOURHRJTk3h5R1u3rPcQKeBeB2kg8LDq-b-CPPTO_FvUMD6mHugrk"" rel=""nofollow noopener"" target=""_blank"" data-lynx-mode=""asynclazy"">Nike.com.</a>","Unlock your skills in the new Phantom Scorpion Elite FG soccer cleat. Shop it on
Nike.com.",image,1816960598459620,images/131111387_795968760981714_2386891531779243531_n.jpg,,,,,,,,,,,,,,,,,,,,True,https://fb.com/canvas_doc/435195321218582,,"Product/Service,Sporting Goods",51212153078,Nike Football,profile_pictures/51212153078.jpg,https://www.facebook.com/nikefootball/,False,False,True,False,Sponsored,15/12/2020 @09:00AM,,,,,,,,,,,,,,,
"Unlock your skills in the new Phantom Scorpion Elite FG soccer cleat. Shop it on <a href=""https://l.facebook.com/l.php?u=http%3A%2F%2FNike.com%2F&amp;h=AT3F3SkzCaZ5JCvtwW-yc7h7FdXyfy1dU0GReT-YCGMUzWQp9Ex2bGmDqqxOsm5U2JInCogKnk0v_-caeppmSNF2LTIzdoqNI3Kl0M9gs1IgPZgc0LRTnMgX5yGA49dndLhEfhk58XD97pmw_-8d"" rel=""nofollow noopener"" target=""_blank"" data-lynx-mode=""asynclazy"">Nike.com.</a>","Unlock your skills in the new Phantom Scorpion Elite FG soccer cleat. Shop it on
Nike.com.",carousel,221696006166878,images/131332171_404775453910640_7894176166505722192_n.jpg,,,,,,,,,,,images/131405734_1041602149691652_1653935289380153391_n.jpg,,images/131390292_226283899016388_5215634203793361687_n.jpg,images/131082448_802193133970125_7717302548970843504_n.jpg,,,,,,True,https://www.nike.com/t/phantom-scorpion-elite-fg-firm-ground-soccer-cleat-V7jrd0,,"Product/Service,Sporting Goods",51212153078,Nike Football,profile_pictures/51212153078.jpg,https://www.facebook.com/nikefootball/,False,False,True,False,Sponsored,16/12/2020 @09:00AM,,,,,,,,,,,,,,,
"The easy-on, easy-off Phantom GT Academy FlyEase MG soccer cleat is on <a href=""https://l.facebook.com/l.php?u=http%3A%2F%2FNike.com%2F&amp;h=AT2Q2KkRPwQePNG8wurHjvrLySdbFs7qsF8cp_xkeaQMPTViqTCTqFpKrMctwvv67y8ll0_RcQz38uwD9RlhZeO3992TUnFrWq0pHNFjkVUOq3YH_N8_w99bI6_JencpGlnfCQAovaX-kvUZge0w"" rel=""nofollow noopener"" target=""_blank"" data-lynx-mode=""asynclazy"">Nike.com.</a> Shop now.","The easy-on, easy-off Phantom GT Academy FlyEase MG soccer cleat is on
Nike.com.
Shop now.",carousel,296129765174406,images/130197871_3624606254269877_6250372557195774603_n.jpg,,,,,,,,,,,images/130992425_1524481097746189_2453169605129941406_n.jpg,,images/131539626_1089135271559245_7062034145058861363_n.jpg,,,,,,,True,https://www.nike.com/t/phantom-gt-academy-flyease-mg-multi-ground-soccer-cleat-k22R2s/DA2835-160,,"Product/Service,Sporting Goods",51212153078,Nike Football,profile_pictures/51212153078.jpg,https://www.facebook.com/nikefootball/,False,False,True,False,Sponsored,15/12/2020 @09:00AM,,,,,,,,,,,,,,,
"The easy-on, easy-off Phantom GT Academy FlyEase MG soccer cleat is on <a href=""https://l.facebook.com/l.php?u=http%3A%2F%2FNike.com%2F&amp;h=AT0ehPoqBKoUvZLIgXem4BdVZOKI65ueKopAfhUToGTcmhxc3bgdQIhCl6_TgAj1LRTBRtWq0IEzejySaynnxyVJHlbkRzx7KqNtCAo_GnU8oFs-VWEuwms__cJYf2qjeqyteihg6FHTJqcbVOrU"" rel=""nofollow noopener"" target=""_blank"" data-lynx-mode=""asynclazy"">Nike.com.</a> Shop now.","The easy-on, easy-off Phantom GT Academy FlyEase MG soccer cleat is on
Nike.com.
Shop now.",carousel,446810012991389,images/131751454_388799405526714_1737434556584703926_n.jpg,,,,,,,,,,,images/130671457_3947207031966105_2461687273778554399_n.jpg,,images/131354619_1720172914827978_7885575755070508227_n.jpg,,,,,,,True,https://www.nike.com/t/phantom-gt-academy-flyease-mg-multi-ground-soccer-cleat-k22R2s/DA2835-160,,"Product/Service,Sporting Goods",51212153078,Nike Football,profile_pictures/51212153078.jpg,https://www.facebook.com/nikefootball/,False,False,True,False,Sponsored,15/12/2020 @09:00AM,,,,,,,,,,,,,,,
"Introducing the Mercurial Dream Speed 3 soccer cleats, now available to shop on <a href=""https://l.facebook.com/l.php?u=http%3A%2F%2FNike.com%2F&amp;h=AT0gSKAYd_ao7kfeCY-CiLKBIs77g33UlcZRuwdy1Y4uVrA1IiFdGTJDM88U_c76uJmt3BOt_9Evf0oHNLoOuZnM0wEAqB53WBCnzv-YddQCjun7dCGL8naPOOiwygFE1O7XmuW3Br3lKTYXjd8i"" rel=""nofollow noopener"" target=""_blank"" data-lynx-mode=""asynclazy"">Nike.com.</a>","Introducing the Mercurial Dream Speed 3 soccer cleats, now available to shop on
Nike.com.",video,214033503611335,,,,,,,,,,,,,,,,,,,,,True,https://www.nike.com/w?q=MDS&vst=MDS,,"Product/Service,Sporting Goods",51212153078,Nike Football,profile_pictures/51212153078.jpg,https://www.facebook.com/nikefootball/,False,False,True,False,Sponsored,15/12/2020 @09:00AM,videos/130552836_1011313782695684_8933510623088346278_n.mp4,,,,,,,,,,,,,,
"Introducing the Mercurial Dream Speed 3 soccer cleats, now available to shop on <a href=""https://l.facebook.com/l.php?u=http%3A%2F%2FNike.com%2F&amp;h=AT0-kWiZCOaLkHl1YTmhOtCcVpifWWOLPqmluNDGswB4gNY7WHf8098LHeNz0G6VXblourMdwWdiZPK0HJDOu2EyACAlYrcr0mmMPqLZVEA6cl8fmRZ7qrqFrxGpOEQKeNrJjUW0Sq50zj4lHKeZ"" rel=""nofollow noopener"" target=""_blank"" data-lynx-mode=""asynclazy"">Nike.com.</a>","Introducing the Mercurial Dream Speed 3 soccer cleats, now available to shop on
Nike.com.",video,414792929710729,,,,,,,,,,,,,,,,,,,,,True,https://www.nike.com/w?q=MDS&vst=MDS,,"Product/Service,Sporting Goods",51212153078,Nike Football,profile_pictures/51212153078.jpg,https://www.facebook.com/nikefootball/,False,False,True,False,Sponsored,15/12/2020 @09:00AM,videos/130552836_1011313782695684_8933510623088346278_n.mp4,,,,,,,,,,,,,,
"Introducing the Mercurial Dream Speed 3 soccer cleats for kids. Shop them now on <a href=""https://l.facebook.com/l.php?u=http%3A%2F%2FNike.com%2F&amp;h=AT1tvCB5V3u6DWg21N9yMetLaz-bmwK6_BfTk2S_CV_hK_TEOnn4hO6_H9y7eXQPpv3o1l95drNNgPFONdObHudjoIxo1moT9HZf4fgoS3J35bO26M8nUx2PLxraSM1DkZJnF7WIFgnyInk4-8Ii"" rel=""nofollow noopener"" target=""_blank"" data-lynx-mode=""asynclazy"">Nike.com.</a>","Introducing the Mercurial Dream Speed 3 soccer cleats for kids. Shop them now on
Nike.com.",image,173260264537951,images/130974109_1127902021001257_626541136951887396_n.jpg,,,,,,,,,,,,,,,,,,,,True,https://www.nike.com/t/jr-mercurial-superfly-7-academy-mds-mg-little-big-kids-multi-ground-soccer-cleat-Gm9VDX/BQ5409-110,,"Product/Service,Sporting Goods",51212153078,Nike Football,profile_pictures/51212153078.jpg,https://www.facebook.com/nikefootball/,False,False,True,False,Sponsored,16/12/2020 @09:00AM,,,,,,,,,,,,,,,
"Introducing the Mercurial Dream Speed 3 soccer cleats for kids. Shop them now on <a href=""https://l.facebook.com/l.php?u=http%3A%2F%2FNike.com%2F&amp;h=AT3wrrG_KBPOvzVv_qULOcWiCkR9h96yjXc9Iek9wew3SztugyUCqH7mEE4idOq5oPZilpE_hjfHhN8nsYJeGEgpa_5EXLqo9Hu1B6ql8609zR5TzaTRlPoy8UgsX7GtiuBv61UXTlCEu29qbNqv"" rel=""nofollow noopener"" target=""_blank"" data-lynx-mode=""asynclazy"">Nike.com.</a>","Introducing the Mercurial Dream Speed 3 soccer cleats for kids. Shop them now on
Nike.com.",image,388746055738858,images/131225441_230848265069208_1946948732161901446_n.jpg,,,,,,,,,,,,,,,,,,,,True,https://www.nike.com/t/jr-mercurial-superfly-7-academy-mds-mg-little-big-kids-multi-ground-soccer-cleat-Gm9VDX/BQ5409-110,,"Product/Service,Sporting Goods",51212153078,Nike Football,profile_pictures/51212153078.jpg,https://www.facebook.com/nikefootball/,False,False,True,False,Sponsored,16/12/2020 @09:00AM,,,,,,,,,,,,,,,
"Introducing the Mercurial Dream Speed 3 soccer cleats for kids. Shop them now on <a href=""https://l.facebook.com/l.php?u=http%3A%2F%2FNike.com%2F&amp;h=AT3uXBjEAqlxqO3pTl-0oOFHdpbxRwD3ZuhlRVYFHu81naS63n78LQoBdGtKmTqeCS87-TgzVy_nad29EWhqcKi_Y4h0Zy8Nz44ku-mvGvM1l79LeoymDjyocJTEoYkhb_j9caPiLHW-s3uprv9ZLijNtmYytbJ0Hg"" rel=""nofollow noopener"" target=""_blank"" data-lynx-mode=""async"">Nike.com.</a>","Introducing the Mercurial Dream Speed 3 soccer cleats for kids. Shop them now on
Nike.com.",video,832070207579051,,,,,,,,,,,,,,,,,,,,,True,https://www.nike.com/t/jr-mercurial-superfly-7-academy-mds-mg-little-big-kids-multi-ground-soccer-cleat-Gm9VDX/BQ5409-110,,"Product/Service,Sporting Goods",51212153078,Nike Football,profile_pictures/51212153078.jpg,https://www.facebook.com/nikefootball/,False,False,True,False,Sponsored,15/12/2020 @09:00AM,videos/130764499_217154306605569_7822160833875307732_n.mp4,,,,,,,,,,,,,,
"Introducing the Mercurial Dream Speed 3 soccer cleats for kids. Shop them now on <a href=""https://l.facebook.com/l.php?u=http%3A%2F%2FNike.com%2F&amp;h=AT3iaAiUUNEPZzy9K5tcN3Zn8Je09uCDHvJAGr8CrSpgo9v0L3-i5Ttc3dJ-xf-35KlALfiahCkOeWBGm0XhoWBAOouD-Aw-n4DDB8KD15OX4Kj5j0iVxyA_94b2FuiRJi1tDEzdN2jyOS8n3BBROEAby0FlkBRYeQ"" rel=""nofollow noopener"" target=""_blank"" data-lynx-mode=""async"">Nike.com.</a>","Introducing the Mercurial Dream Speed 3 soccer cleats for kids. Shop them now on
Nike.com.",video,762880310970177,,,,,,,,,,,,,,,,,,,,,True,https://www.nike.com/t/jr-mercurial-superfly-7-academy-mds-mg-little-big-kids-multi-ground-soccer-cleat-Gm9VDX/BQ5409-110,,"Product/Service,Sporting Goods",51212153078,Nike Football,profile_pictures/51212153078.jpg,https://www.facebook.com/nikefootball/,False,False,True,False,Sponsored,15/12/2020 @09:00AM,videos/130764499_217154306605569_7822160833875307732_n.mp4,,,,,,,,,,,,,,
"Introducing the Mercurial Dream Speed 3 soccer cleats, now available to shop on <a href=""https://l.facebook.com/l.php?u=http%3A%2F%2FNike.com%2F&amp;h=AT0KjwXPfwTWuOKXPVm-oZRizP-0UHCHVdWC048KdPDFdk1CAE_7IQp9UDARignope1_Rulm-UtwHVYsLeJHW9Euv5y__GIkaXp7uCATPnoBJ5LLQVSAV1lLKUrd5pxI_KaM9o-MOLefVqsdpOcL"" rel=""nofollow noopener"" target=""_blank"" data-lynx-mode=""asynclazy"">Nike.com.</a>","Introducing the Mercurial Dream Speed 3 soccer cleats, now available to shop on
Nike.com.",image,142897067359724,images/131411046_772581256670889_4781503927205382137_n.jpg,,,,,,,,,,,,,,,,,,,,True,https://fb.com/canvas_doc/1265921737140748,,"Product/Service,Sporting Goods",51212153078,Nike Football,profile_pictures/51212153078.jpg,https://www.facebook.com/nikefootball/,False,False,True,False,Sponsored,15/12/2020 @09:00AM,,,,,,,,,,,,,,,
"Introducing the Mercurial Dream Speed 3 soccer cleats for kids. Shop them now on <a href=""https://l.facebook.com/l.php?u=http%3A%2F%2FNike.com%2F&amp;h=AT0e3qmB1YeZh_hKmtFc9YXTQfAWdLxmKBWQovQneZixGrSJIYaS-IDqmn8C6JjqnbPi2-DqvDfZj-z6DjMs0HAeBWwHzGnDfYhEv1d0sdUKgb8_MbWmbVuYnGCrimBiF5elJzcMnwvNpJjCgxqI"" rel=""nofollow noopener"" target=""_blank"" data-lynx-mode=""asynclazy"">Nike.com.</a>","Introducing the Mercurial Dream Speed 3 soccer cleats for kids. Shop them now on
Nike.com.",image,477615456565893,images/130941132_665377404131535_3880791592071093978_n.jpg,,,,,,,,,,,,,,,,,,,,True,https://fb.com/canvas_doc/140134507623673,,"Product/Service,Sporting Goods",51212153078,Nike Football,profile_pictures/51212153078.jpg,https://www.facebook.com/nikefootball/,False,False,True,False,Sponsored,15/12/2020 @09:00AM,,,,,,,,,,,,,,,
"A strong, lightweight upper wraps their foot for a crazy fast feeling on the field.","A strong, lightweight upper wraps their foot for a crazy fast feeling on the field.",carousel,134808418271586,images/131656784_188525532915173_5032250341746613752_n.jpg,,,,,,,,,,,images/130756439_3777787352271654_7053478399049753693_n.jpg,,images/131380976_149896653194925_809052852976397849_n.jpg,images/131432519_852945482208397_8524819198260540400_n.jpg,,,,,,True,https://www.nike.com/t/jr-mercurial-superfly-7-academy-mds-mg-little-big-kids-multi-ground-soccer-cleat-Gm9VDX/BQ5409-110,,"Product/Service,Sporting Goods",51212153078,Nike Football,profile_pictures/51212153078.jpg,https://www.facebook.com/nikefootball/,False,True,False,False,Sponsored,15/12/2020 @09:00AM,,,,,,,,,,,,,,,
"360Â° of strong, lightweight Flyknit for a crazy fast feeling on the field.","360Â° of strong, lightweight Flyknit for a crazy fast feeling on the field.",image,211811277068987,images/130649058_394120995243684_4080557920889842449_n.jpg,,,,,,,,,,,,,,,,,,,,True,https://www.nike.com/w?q=MDS&vst=MDS,,"Product/Service,Sporting Goods",51212153078,Nike Football,profile_pictures/51212153078.jpg,https://www.facebook.com/nikefootball/,False,True,False,False,Sponsored,16/12/2020 @09:00AM,,,,,,,,,,,,,,,
"A strong, lightweight upper wraps their foot for a crazy fast feeling on the field.","A strong, lightweight upper wraps their foot for a crazy fast feeling on the field.",video,229969511896086,,,,,,,,,,,,,,,,,,,,,True,https://www.nike.com/t/jr-mercurial-superfly-7-academy-mds-mg-little-big-kids-multi-ground-soccer-cleat-Gm9VDX/BQ5409-110,,"Product/Service,Sporting Goods",51212153078,Nike Football,profile_pictures/51212153078.jpg,https://www.facebook.com/nikefootball/,False,True,False,False,Sponsored,15/12/2020 @09:00AM,videos/130860167_851006035473733_4465613094565674108_n.mp4,,,,,,,,,,,,,,
"A strong, lightweight upper wraps their foot for a crazy fast feeling on the field.","A strong, lightweight upper wraps their foot for a crazy fast feeling on the field.",video,235787554644219,,,,,,,,,,,,,,,,,,,,,True,https://www.nike.com/t/jr-mercurial-superfly-7-academy-mds-mg-little-big-kids-multi-ground-soccer-cleat-Gm9VDX/BQ5409-110,,"Product/Service,Sporting Goods",51212153078,Nike Football,profile_pictures/51212153078.jpg,https://www.facebook.com/nikefootball/,False,True,False,False,Sponsored,15/12/2020 @09:00AM,videos/130860167_851006035473733_4465613094565674108_n.mp4,,,,,,,,,,,,,,
"Hay regalos con los que no te puedes equivocar... Â¡Sobre todo cuando ellos eligen sus productos Nike favoritos! ðŸ˜‰ Adquiere nuestras Gift Cards Nike de: $20, $40 y $80*. <br /> ObtÃ©n las Gift Cards digitales sin salir de casa desde aquÃ­: <a href=""https://l.facebook.com/l.php?u=https%3A%2F%2Fbit.ly%2FGiftCardsNike&amp;h=AT2h5gaUtMgu20mGwlu8D5oxMZnJ3niyEpTsogz_8SX584ZytS2Nor148IVxHB8xX-YTQFhaNB_Ez0F772rX4ewdWV6GJe9zDXUEthgGg-LVnv2ofN4kRPxzUfZtrM_udlwLeo8D1VGTxUzvoU4d"" rel=""nofollow noopener"" target=""_blank"" data-lynx-mode=""asynclazy"">https://bit.ly/GiftCardsNike</a>","Hay regalos con los que no te puedes equivocar... Â¡Sobre todo cuando ellos eligen sus productos Nike favoritos! ðŸ˜‰ Adquiere nuestras Gift Cards Nike de: $20, $40 y $80*.
ObtÃ©n las Gift Cards digitales sin salir de casa desde aquÃ­:
https://bit.ly/GiftCardsNike",carousel,202799891464345,images/131221234_149980836504284_7153868750191689644_n.jpg,,,,,,,,,,,images/131206836_258383335621556_6960050513431556433_n.jpg,,images/131065542_2754569831538219_2248143003359673828_n.jpg,images/131326212_781192062738320_6129810636623576939_n.jpg,,,,,,True,https://bit.ly/GiftCardsNike,,"Product/Service,Sporting Goods",51212153078,Nike Football,profile_pictures/51212153078.jpg,https://www.facebook.com/nikefootball/,False,True,False,False,Sponsored,15/12/2020 @09:00AM,,,,,,,,,,,,,,,
"360Â° of strong, lightweight Flyknit for a crazy fast feeling on the field.","360Â° of strong, lightweight Flyknit for a crazy fast feeling on the field.",image,208788610831493,images/130086968_171953574613848_4489386746444203399_n.jpg,,,,,,,,,,,,,,,,,,,,True,https://www.nike.com/w?q=MDS&vst=MDS,,"Product/Service,Sporting Goods",51212153078,Nike Football,profile_pictures/51212153078.jpg,https://www.facebook.com/nikefootball/,False,True,False,False,Sponsored,15/12/2020 @09:00AM,,,,,,,,,,,,,,,
"Introducing the Mercurial Dream Speed 3 soccer cleats, now available to shop on <a href=""https://l.facebook.com/l.php?u=http%3A%2F%2FNike.com%2F&amp;h=AT2UKcl2osPCfS2Kn05s9UAAiE3_y4P6YaDPrAiLWE0heazmhc1nyN0tcZh05PRY5pPeRTIdLcvml0yfSBF4-ZA7onkbOefLkbsLJsHcSMWJ8eHHZiwXhrSql1qfz4ahwq2uiVe7yMLyHMrArgBIZvZXqcj_gw_24Q"" rel=""nofollow noopener"" target=""_blank"" data-lynx-mode=""async"">Nike.com.</a>","Introducing the Mercurial Dream Speed 3 soccer cleats, now available to shop on
Nike.com.",image,423095728864997,images/131335379_396997944753240_6232682717930686943_n.jpg,,,,,,,,,,,,,,,,,,,,True,https://www.nike.com/w?q=MDS&vst=MDS,,"Product/Service,Sporting Goods",51212153078,Nike Football,profile_pictures/51212153078.jpg,https://www.facebook.com/nikefootball/,False,False,True,False,Sponsored,15/12/2020 @09:00AM,,,,,,,,,,,,,,,
"A strong, lightweight upper wraps their foot for a crazy fast feeling on the field.","A strong, lightweight upper wraps their foot for a crazy fast feeling on the field.",image,750683652212390,images/131486875_210292027291532_8825276472990491436_n.jpg,,,,,,,,,,,,,,,,,,,,True,https://www.nike.com/t/jr-mercurial-superfly-7-academy-mds-mg-little-big-kids-multi-ground-soccer-cleat-Gm9VDX/BQ5409-110,,"Product/Service,Sporting Goods",51212153078,Nike Football,profile_pictures/51212153078.jpg,https://www.facebook.com/nikefootball/,False,True,False,False,Sponsored,15/12/2020 @09:00AM,,,,,,,,,,,,,,,
"A strong, lightweight upper wraps their foot for a crazy fast feeling on the field.","A strong, lightweight upper wraps their foot for a crazy fast feeling on the field.",image,220493992933797,images/130659119_444307103407321_7926354513585818836_n.jpg,,,,,,,,,,,,,,,,,,,,True,https://www.nike.com/t/jr-mercurial-superfly-7-academy-mds-mg-little-big-kids-multi-ground-soccer-cleat-Gm9VDX/BQ5409-110,,"Product/Service,Sporting Goods",51212153078,Nike Football,profile_pictures/51212153078.jpg,https://www.facebook.com/nikefootball/,False,True,False,False,Sponsored,15/12/2020 @09:00AM,,,,,,,,,,,,,,,
"A strong, lightweight upper wraps their foot for a crazy fast feeling on the field.","A strong, lightweight upper wraps their foot for a crazy fast feeling on the field.",video,815421092581625,,,,,,,,,,,,,,,,,,,,,True,https://www.nike.com/t/jr-mercurial-superfly-7-academy-mds-mg-little-big-kids-multi-ground-soccer-cleat-Gm9VDX/BQ5409-110,,"Product/Service,Sporting Goods",51212153078,Nike Football,profile_pictures/51212153078.jpg,https://www.facebook.com/nikefootball/,False,True,False,False,Sponsored,15/12/2020 @09:00AM,videos/130860167_851006035473733_4465613094565674108_n.mp4,,,,,,,,,,,,,,
"A strong, lightweight upper wraps their foot for a crazy fast feeling on the field.","A strong, lightweight upper wraps their foot for a crazy fast feeling on the field.",video,820992258724355,,,,,,,,,,,,,,,,,,,,,True,https://www.nike.com/t/jr-mercurial-superfly-7-academy-mds-mg-little-big-kids-multi-ground-soccer-cleat-Gm9VDX/BQ5409-110,,"Product/Service,Sporting Goods",51212153078,Nike Football,profile_pictures/51212153078.jpg,https://www.facebook.com/nikefootball/,False,True,False,False,Sponsored,15/12/2020 @09:00AM,videos/130860167_851006035473733_4465613094565674108_n.mp4,,,,,,,,,,,,,,
"Introducing the Mercurial Dream Speed 3 soccer cleats for kids. Shop them now on <a href=""https://l.facebook.com/l.php?u=http%3A%2F%2FNike.com%2F&amp;h=AT2SbVSrF4cI_OQVHqlOcubqgu6d4VaEWBWSLURHg-kvAI-5Y9JV3ZdGHJQhwOrVbnziGMgHLp4x1Y8wuwjayRtLgXpqFHIh7jJBmO3kCVblwGPLR3Lkt_Tau5bOwb2RzlQED8JfRXKmcx1MXW_n"" rel=""nofollow noopener"" target=""_blank"" data-lynx-mode=""asynclazy"">Nike.com.</a>","Introducing the Mercurial Dream Speed 3 soccer cleats for kids. Shop them now on
Nike.com.",video,225415312311891,,,,,,,,,,,,,,,,,,,,,True,https://www.nike.com/t/jr-mercurial-superfly-7-academy-mds-mg-little-big-kids-multi-ground-soccer-cleat-Gm9VDX/BQ5409-110,,"Product/Service,Sporting Goods",51212153078,Nike Football,profile_pictures/51212153078.jpg,https://www.facebook.com/nikefootball/,False,False,True,False,Sponsored,15/12/2020 @09:00AM,videos/130764499_217154306605569_7822160833875307732_n.mp4,,,,,,,,,,,,,,
"Introducing the Mercurial Dream Speed 3 soccer cleats, now available to shop on <a href=""https://l.facebook.com/l.php?u=http%3A%2F%2FNike.com%2F&amp;h=AT1Ysi867RkV2LWB54s3-8qHhnQc-mm2bMz_yuiQMaMfFCV48yEsSKYke8OFlgYSzIWyABCcOD0LfK1ZH7_suZ3NlqlFIpWyEICRBygmfBOd_6nDL5j3TTKZqIKRB0yiDD-BkkfdcQBbtcLBDaLN"" rel=""nofollow noopener"" target=""_blank"" data-lynx-mode=""asynclazy"">Nike.com.</a>","Introducing the Mercurial Dream Speed 3 soccer cleats, now available to shop on
Nike.com.",video,426028258573711,,,,,,,,,,,,,,,,,,,,,True,https://www.nike.com/w?q=MDS&vst=MDS,,"Product/Service,Sporting Goods",51212153078,Nike Football,profile_pictures/51212153078.jpg,https://www.facebook.com/nikefootball/,False,False,True,False,Sponsored,15/12/2020 @09:00AM,videos/130552836_1011313782695684_8933510623088346278_n.mp4,,,,,,,,,,,,,,
"Introducing the Mercurial Dream Speed 3 soccer cleats, now available to shop on <a href=""https://l.facebook.com/l.php?u=http%3A%2F%2FNike.com%2F&amp;h=AT3ghO5yWuTXt925u2LwGnQHMtcCZ1g8SdwIDIBlV83keaVA2HkcB4aNiCpQArXAI62J1CbndGZKcUZXdD3VmiNrGih9CccnCtQWrhzJTtLM7Ii3bVZR_PunCxAQS8HBdOFa0iTfPLTdqNEKQFut"" rel=""nofollow noopener"" target=""_blank"" data-lynx-mode=""asynclazy"">Nike.com.</a>","Introducing the Mercurial Dream Speed 3 soccer cleats, now available to shop on
Nike.com.",carousel,402656080940215,images/131448583_882990042519368_3199042650936846347_n.jpg,,,,,,,,,,,images/131335374_400493547933455_3099614861888620536_n.jpg,,images/131410902_477218570341227_5102601631141393574_n.jpg,images/131353715_664883340872915_5292173518005183131_n.jpg,,,,,,True,https://www.nike.com/w?q=MDS&vst=MDS,,"Product/Service,Sporting Goods",51212153078,Nike Football,profile_pictures/51212153078.jpg,https://www.facebook.com/nikefootball/,False,False,True,False,Sponsored,15/12/2020 @09:00AM,,,,,,,,,,,,,,,
"Introducing the Mercurial Dream Speed 3 soccer cleats, now available to shop on <a href=""https://l.facebook.com/l.php?u=http%3A%2F%2FNike.com%2F&amp;h=AT0FoZnx-s67cYT4h9Y2h9GU3I2tEE__DcUDoVdHmUv-0oURR2nWGRbKlobGODpN01I_-lx-7OSoRC47tyevXMtf9tplB2U0DmfnDMvUee9XMlRuTO0oCSOzpD3rBTLNHXdJbMRI5Bt0cKR-Q_Qs"" rel=""nofollow noopener"" target=""_blank"" data-lynx-mode=""asynclazy"">Nike.com.</a>","Introducing the Mercurial Dream Speed 3 soccer cleats, now available to shop on
Nike.com.",carousel,309915896926246,images/131335494_836525367124159_2582792220750411310_n.jpg,,,,,,,,,,,images/131529280_678477689480719_6603990550747238673_n.jpg,,images/131311868_3651591734897880_6798820502656776240_n.jpg,images/131551592_390719912178475_1945055281775627332_n.jpg,,,,,,True,https://www.nike.com/w?q=MDS&vst=MDS,,"Product/Service,Sporting Goods",51212153078,Nike Football,profile_pictures/51212153078.jpg,https://www.facebook.com/nikefootball/,False,False,True,False,Sponsored,15/12/2020 @09:00AM,,,,,,,,,,,,,,,
"Introducing the Mercurial Dream Speed 3 soccer cleats, now available to shop on <a href=""https://l.facebook.com/l.php?u=http%3A%2F%2FNike.com%2F&amp;h=AT0P7v-Hz1NZ58SoU-h3Fib8ewChgWvN8Re6-d2MMcZZsyrFRN3bzy3Zcw5jlMoAwi_gUq25HAQxiWwhjdkrtfij3qEmn6ArX8HoKSCbTo-Ce5Z5zFQFuoK6Rqgh8bbuWPskJry5D7Ycv64og_Gx"" rel=""nofollow noopener"" target=""_blank"" data-lynx-mode=""asynclazy"">Nike.com.</a>","Introducing the Mercurial Dream Speed 3 soccer cleats, now available to shop on
Nike.com.",carousel,2781506985450769,images/131582805_855256018564208_2499223324218850551_n.jpg,,,,,,,,,,,images/131569879_713368819565975_8846343033402222145_n.jpg,,images/119112632_1046931779120848_3614954823424086025_n.jpg,images/131708972_2746828818979772_6152997567895860469_n.jpg,,,,,,True,https://www.nike.com/w?q=MDS&vst=MDS,,"Product/Service,Sporting Goods",51212153078,Nike Football,profile_pictures/51212153078.jpg,https://www.facebook.com/nikefootball/,False,False,True,False,Sponsored,15/12/2020 @09:00AM,,,,,,,,,,,,,,,
"Introducing the Mercurial Dream Speed 3 soccer cleats for kids. Shop them now on <a href=""https://l.facebook.com/l.php?u=http%3A%2F%2FNike.com%2F&amp;h=AT0fwEJNBPIQjF-0-yOakZGaoy-cCd0O3sNgsCmi7FUqObhRHygC1KyF2JXi9tEa1vvc3dp9ZpQW8BODAAMKSMk20B-ysY3zU-1uihyHaCBjsvYWcp_FKTK295h9spxto91TfcahPEhidhb9neAF"" rel=""nofollow noopener"" target=""_blank"" data-lynx-mode=""asynclazy"">Nike.com.</a>","Introducing the Mercurial Dream Speed 3 soccer cleats for kids. Shop them now on
Nike.com.",carousel,459989218321382,images/131195476_192071175906481_6762863158572304211_n.jpg,,,,,,,,,,,images/130738426_2792063204391577_7234107721163451410_n.jpg,,images/131560502_217826379905143_348025078795061616_n.jpg,images/130711922_529067554718873_3639593505327773279_n.jpg,,,,,,True,https://www.nike.com/t/jr-mercurial-superfly-7-academy-mds-mg-little-big-kids-multi-ground-soccer-cleat-Gm9VDX/BQ5409-110,,"Product/Service,Sporting Goods",51212153078,Nike Football,profile_pictures/51212153078.jpg,https://www.facebook.com/nikefootball/,False,False,True,False,Sponsored,15/12/2020 @09:00AM,,,,,,,,,,,,,,,
"Introducing the Mercurial Dream Speed 3 soccer cleats for kids. Shop them now on <a href=""https://l.facebook.com/l.php?u=http%3A%2F%2FNike.com%2F&amp;h=AT0dawCxSntlAZvZ8oyohd8DIzOoAKwXZnTb_CaF3DFxZvvt2MhKuWqjZAdtxzrhSNZPefOhtGqEV5tBAZZLqyLJdSnHgqiQcyp0vJHHKgNg0_lNGTMXpFVfr4UfqQgaeDpMy2Yxw2aMAarOiown"" rel=""nofollow noopener"" target=""_blank"" data-lynx-mode=""asynclazy"">Nike.com.</a>","Introducing the Mercurial Dream Speed 3 soccer cleats for kids. Shop them now on
Nike.com.",carousel,433652910998972,images/130741635_1210618699334179_8412589795939320029_n.jpg,,,,,,,,,,,images/130786222_1568464700019083_8496800403871273570_n.jpg,,images/131187805_143129087331984_4029741432696046464_n.jpg,images/130849192_381412743088219_6420382823141775658_n.jpg,,,,,,True,https://www.nike.com/t/jr-mercurial-superfly-7-academy-mds-mg-little-big-kids-multi-ground-soccer-cleat-Gm9VDX/BQ5409-110,,"Product/Service,Sporting Goods",51212153078,Nike Football,profile_pictures/51212153078.jpg,https://www.facebook.com/nikefootball/,False,False,True,False,Sponsored,15/12/2020 @09:00AM,,,,,,,,,,,,,,,
"Introducing the Mercurial Dream Speed 3 soccer cleats for kids. Shop them now on <a href=""https://l.facebook.com/l.php?u=http%3A%2F%2FNike.com%2F&amp;h=AT2O6xsShjO97e_V168OFe6zqbSBiNv6mLC1DkvLTuHw8PVpjojGn0qiPX2tJe9rYL6jswx2lHWD484lQXUbnQLjbWiFpG5_QrVxScZObq4BtyI4Bvd-EeAP248z5aXIruQVSCrjtPSXn8uB_lf_"" rel=""nofollow noopener"" target=""_blank"" data-lynx-mode=""asynclazy"">Nike.com.</a>","Introducing the Mercurial Dream Speed 3 soccer cleats for kids. Shop them now on
Nike.com.",carousel,863900681052443,images/131326538_2086879474779764_2208137336516689541_n.jpg,,,,,,,,,,,images/131420110_387136405918997_3606248899079935287_n.jpg,,images/131054194_427116474992877_3647073134061692262_n.jpg,images/131624815_209484424112924_501181219722023427_n.jpg,,,,,,True,https://www.nike.com/t/jr-mercurial-superfly-7-academy-mds-mg-little-big-kids-multi-ground-soccer-cleat-Gm9VDX/BQ5409-110,,"Product/Service,Sporting Goods",51212153078,Nike Football,profile_pictures/51212153078.jpg,https://www.facebook.com/nikefootball/,False,False,True,False,Sponsored,16/12/2020 @09:00AM,,,,,,,,,,,,,,,
"Introducing the Mercurial Dream Speed 3 soccer cleats for kids. Shop them now on <a href=""https://l.facebook.com/l.php?u=http%3A%2F%2FNike.com%2F&amp;h=AT3X-2acA765WU1NA6zu7SqbIzDW0b-1yZvxHn5kYM2Ft8kxUpJGKVKDP34Mm3VAnJeJU0NgsVTiUpay7qfxF5SHtV10_pEuZGwHJ25qXj-BEPYmJCd7CnTGwsg5aOsyh1b0l7_5ZOPTtYdywm6A"" rel=""nofollow noopener"" target=""_blank"" data-lynx-mode=""asynclazy"">Nike.com.</a>","Introducing the Mercurial Dream Speed 3 soccer cleats for kids. Shop them now on
Nike.com.",carousel,1285685368481926,images/131415825_3418899061667630_8712764162881657897_n.jpg,,,,,,,,,,,images/131184082_1126726037757414_9129762696491867195_n.jpg,,images/131100625_1513504625502022_3912430987062092741_n.jpg,images/131663035_436079064235732_2057609163271173994_n.jpg,,,,,,True,https://www.nike.com/t/jr-mercurial-superfly-7-academy-mds-mg-little-big-kids-multi-ground-soccer-cleat-Gm9VDX/BQ5409-110,,"Product/Service,Sporting Goods",51212153078,Nike Football,profile_pictures/51212153078.jpg,https://www.facebook.com/nikefootball/,False,False,True,False,Sponsored,16/12/2020 @09:00AM,,,,,,,,,,,,,,,
"A strong, lightweight upper wraps their foot for a crazy fast feeling on the field.","A strong, lightweight upper wraps their foot for a crazy fast feeling on the field.",image,1138874643198860,images/130642438_693746251287294_8492921425702784191_n.jpg,,,,,,,,,,,,,,,,,,,,True,https://fb.com/canvas_doc/140134507623673,,"Product/Service,Sporting Goods",51212153078,Nike Football,profile_pictures/51212153078.jpg,https://www.facebook.com/nikefootball/,False,True,False,False,Sponsored,15/12/2020 @09:00AM,,,,,,,,,,,,,,,
"Introducing the Mercurial Dream Speed 3 soccer cleats, now available to shop on <a href=""https://l.facebook.com/l.php?u=http%3A%2F%2FNike.com%2F&amp;h=AT12wIcWort3ZyJeSVLj7z8J1e3I83JU8xcJxJDWu0e4-GfUuZN8CGaJhIC_PlIJgE-LdFPvEiI_TUpru3ZgJd2zhubu0ld0ji2dv-hT1-qA21O-ON_OkEblpYMHrUyxASbFMA-MdsDMRI7CB4A4"" rel=""nofollow noopener"" target=""_blank"" data-lynx-mode=""asynclazy"">Nike.com.</a>","Introducing the Mercurial Dream Speed 3 soccer cleats, now available to shop on
Nike.com.",image,1101539283634221,images/131445013_3850692174949606_3580945767139366088_n.jpg,,,,,,,,,,,,,,,,,,,,True,https://www.nike.com/w?q=MDS&vst=MDS,,"Product/Service,Sporting Goods",51212153078,Nike Football,profile_pictures/51212153078.jpg,https://www.facebook.com/nikefootball/,False,False,True,False,Sponsored,15/12/2020 @09:00AM,,,,,,,,,,,,,,,
"Introducing the Mercurial Dream Speed 3 soccer cleats, now available to shop on <a href=""https://l.facebook.com/l.php?u=http%3A%2F%2FNike.com%2F&amp;h=AT3sD-ha0964MJxqfoeAjQImgiqwOj2aOk0z6uqjmaTTXS0EIYaWaMEtCULQElITQCJ6ss9FzdLvrU_jt2dx7DL5GW86AJG7h0HkiJZEbWDrfSEQfEgarVHDDSVFVzhsoxycXSVDojpgtQZAak2X"" rel=""nofollow noopener"" target=""_blank"" data-lynx-mode=""asynclazy"">Nike.com.</a>","Introducing the Mercurial Dream Speed 3 soccer cleats, now available to shop on
Nike.com.",image,390544652271315,images/131420446_432943271059424_688175181157524735_n.jpg,,,,,,,,,,,,,,,,,,,,True,https://www.nike.com/w?q=MDS&vst=MDS,,"Product/Service,Sporting Goods",51212153078,Nike Football,profile_pictures/51212153078.jpg,https://www.facebook.com/nikefootball/,False,False,True,False,Sponsored,15/12/2020 @09:00AM,,,,,,,,,,,,,,,
"A strong, lightweight upper wraps their foot for a crazy fast feeling on the field.","A strong, lightweight upper wraps their foot for a crazy fast feeling on the field.",image,814878639073647,images/131399005_393614431885241_6930834875494719420_n.jpg,,,,,,,,,,,,,,,,,,,,True,https://fb.com/canvas_doc/140134507623673,,"Product/Service,Sporting Goods",51212153078,Nike Football,profile_pictures/51212153078.jpg,https://www.facebook.com/nikefootball/,False,True,False,False,Sponsored,15/12/2020 @09:00AM,,,,,,,,,,,,,,,
"A strong, lightweight upper wraps their foot for a crazy fast feeling on the field.","A strong, lightweight upper wraps their foot for a crazy fast feeling on the field.",image,394811018298727,images/131539713_395509661793642_7611020320406071389_n.jpg,,,,,,,,,,,,,,,,,,,,True,https://fb.com/canvas_doc/140134507623673,,"Product/Service,Sporting Goods",51212153078,Nike Football,profile_pictures/51212153078.jpg,https://www.facebook.com/nikefootball/,False,True,False,False,Sponsored,15/12/2020 @09:00AM,,,,,,,,,,,,,,,
"360Â° of strong, lightweight Flyknit for a crazy fast feeling on the field.","360Â° of strong, lightweight Flyknit for a crazy fast feeling on the field.",carousel,2831238243812966,images/130970587_389187472354604_1495662980990788152_n.jpg,,,,,,,,,,,images/131342321_938546193343597_5860792726206274731_n.jpg,,images/131222984_812480656262852_8625712959933439129_n.jpg,images/130944203_302735927797217_3341710490155342654_n.jpg,,,,,,True,https://www.nike.com/w?q=MDS&vst=MDS,,"Product/Service,Sporting Goods",51212153078,Nike Football,profile_pictures/51212153078.jpg,https://www.facebook.com/nikefootball/,False,True,False,False,Sponsored,15/12/2020 @09:00AM,,,,,,,,,,,,,,,
"360Â° of strong, lightweight Flyknit for a crazy fast feeling on the field.","360Â° of strong, lightweight Flyknit for a crazy fast feeling on the field.",carousel,405335073850077,images/131453526_216795646675460_2122667213589948586_n.jpg,,,,,,,,,,,images/131402459_923051154895399_6335807181051515944_n.jpg,,images/119101036_1063192944181007_7897191213367897524_n.jpg,images/130679019_181801907012664_6254346549708492039_n.jpg,,,,,,True,https://www.nike.com/w?q=MDS&vst=MDS,,"Product/Service,Sporting Goods",51212153078,Nike Football,profile_pictures/51212153078.jpg,https://www.facebook.com/nikefootball/,False,True,False,False,Sponsored,16/12/2020 @09:00AM,,,,,,,,,,,,,,,
"360Â° of strong, lightweight Flyknit for a crazy fast feeling on the field.","360Â° of strong, lightweight Flyknit for a crazy fast feeling on the field.",video,233985361441536,,,,,,,,,,,,,,,,,,,,,True,https://www.nike.com/w?q=MDS&vst=MDS,,"Product/Service,Sporting Goods",51212153078,Nike Football,profile_pictures/51212153078.jpg,https://www.facebook.com/nikefootball/,False,True,False,False,Sponsored,15/12/2020 @09:00AM,videos/130112541_770169580247429_7076745560297943214_n.mp4,,,,,,,,,,,,,,
"360Â° of strong, lightweight Flyknit for a crazy fast feeling on the field.","360Â° of strong, lightweight Flyknit for a crazy fast feeling on the field.",video,2651448681831989,,,,,,,,,,,,,,,,,,,,,True,https://www.nike.com/w?q=MDS&vst=MDS,,"Product/Service,Sporting Goods",51212153078,Nike Football,profile_pictures/51212153078.jpg,https://www.facebook.com/nikefootball/,False,True,False,False,Sponsored,16/12/2020 @09:00AM,videos/130112541_770169580247429_7076745560297943214_n.mp4,,,,,,,,,,,,,,
"Introducing the Mercurial Dream Speed 3 soccer cleats for kids. Shop them now on <a href=""https://l.facebook.com/l.php?u=http%3A%2F%2FNike.com%2F&amp;h=AT1Ky-L64dJ2h1HgF1kYjsdfxyn38EjdhtYdIadtcUDU9_TkyWyc9RL-Pwr2BlFm6tVew_Oxg3Zs-tLWnngCKc13p4iriMtsPdPdlP3_Zo4bSmCarj3JgjwXQDvh9hJFMkH6T8EWDUvrOni2GQpT"" rel=""nofollow noopener"" target=""_blank"" data-lynx-mode=""asynclazy"">Nike.com.</a>","Introducing the Mercurial Dream Speed 3 soccer cleats for kids. Shop them now on
Nike.com.",image,2921080154825080,images/131388288_108626921030436_8926412885396282473_n.jpg,,,,,,,,,,,,,,,,,,,,True,https://www.nike.com/t/jr-mercurial-superfly-7-academy-mds-mg-little-big-kids-multi-ground-soccer-cleat-Gm9VDX/BQ5409-110,,"Product/Service,Sporting Goods",51212153078,Nike Football,profile_pictures/51212153078.jpg,https://www.facebook.com/nikefootball/,False,False,True,False,Sponsored,17/12/2020 @09:00AM,,,,,,,,,,,,,,,
"Introducing the Mercurial Dream Speed 3 soccer cleats for kids. Shop them now on <a href=""https://l.facebook.com/l.php?u=http%3A%2F%2FNike.com%2F&amp;h=AT0dJtSkCqlDtClEVprs5HffjnkDzteOieiXsYeEiSfCNCuO3L3Ykkxm0jCJXqiNR96Xz7dfH20Ei6cqI6oBJsBi-ukoikzx3v3aJS05CH0fIKDP1PQ4nVshYdHqXiXBlx-vq2sQkGHc8T57j7su"" rel=""nofollow noopener"" target=""_blank"" data-lynx-mode=""asynclazy"">Nike.com.</a>","Introducing the Mercurial Dream Speed 3 soccer cleats for kids. Shop them now on
Nike.com.",image,841027533330431,images/130978778_188327739635274_1649835631974111263_n.jpg,,,,,,,,,,,,,,,,,,,,True,https://fb.com/canvas_doc/140134507623673,,"Product/Service,Sporting Goods",51212153078,Nike Football,profile_pictures/51212153078.jpg,https://www.facebook.com/nikefootball/,False,False,True,False,Sponsored,15/12/2020 @09:00AM,,,,,,,,,,,,,,,
"Introducing the Mercurial Dream Speed 3 soccer cleats for kids. Shop them now on <a href=""https://l.facebook.com/l.php?u=http%3A%2F%2FNike.com%2F&amp;h=AT0V5bPBj11YtiHHufEtpuRIrPYH5M4-0mFyokFQGPEwwJ0Dutm7xdrNuY6Adv4YtxC4qpyzvIWhSxOFUqzrz242kbWkkXH3GHdY0G8NttrMsn8neNWI7X6J6YhqQ-ocgOeaolziqu9T12vTbz2s"" rel=""nofollow noopener"" target=""_blank"" data-lynx-mode=""asynclazy"">Nike.com.</a>","Introducing the Mercurial Dream Speed 3 soccer cleats for kids. Shop them now on
Nike.com.",image,4487274607954435,images/130627175_4051618998200167_7782686438018244370_n.jpg,,,,,,,,,,,,,,,,,,,,True,https://fb.com/canvas_doc/140134507623673,,"Product/Service,Sporting Goods",51212153078,Nike Football,profile_pictures/51212153078.jpg,https://www.facebook.com/nikefootball/,False,False,True,False,Sponsored,16/12/2020 @09:00AM,,,,,,,,,,,,,,,
"A strong, lightweight upper wraps their foot for a crazy fast feeling on the field.","A strong, lightweight upper wraps their foot for a crazy fast feeling on the field.",image,135001294909491,images/131083434_1866787316795390_1660652286494466654_n.jpg,,,,,,,,,,,,,,,,,,,,True,https://www.nike.com/t/jr-mercurial-superfly-7-academy-mds-mg-little-big-kids-multi-ground-soccer-cleat-Gm9VDX/BQ5409-110,,"Product/Service,Sporting Goods",51212153078,Nike Football,profile_pictures/51212153078.jpg,https://www.facebook.com/nikefootball/,False,True,False,False,Sponsored,15/12/2020 @09:00AM,,,,,,,,,,,,,,,
"A strong, lightweight upper wraps their foot for a crazy fast feeling on the field.","A strong, lightweight upper wraps their foot for a crazy fast feeling on the field.",carousel,320172975704468,images/130790358_682552979116521_6671134438436882468_n.jpg,,,,,,,,,,,images/131315380_768910717307359_1124742416003172693_n.jpg,,images/130259960_733615550591342_590117957297676147_n.jpg,images/131357723_670355786928378_6264644288214904473_n.jpg,,,,,,True,https://www.nike.com/t/jr-mercurial-superfly-7-academy-mds-mg-little-big-kids-multi-ground-soccer-cleat-Gm9VDX/BQ5409-110,,"Product/Service,Sporting Goods",51212153078,Nike Football,profile_pictures/51212153078.jpg,https://www.facebook.com/nikefootball/,False,True,False,False,Sponsored,15/12/2020 @09:00AM,,,,,,,,,,,,,,,
"360Â° of strong, lightweight Flyknit for a crazy fast feeling on the field.","360Â° of strong, lightweight Flyknit for a crazy fast feeling on the field.",image,676431276361571,images/130820024_2455395718096734_361661486790885239_n.jpg,,,,,,,,,,,,,,,,,,,,True,https://www.nike.com/w?q=MDS&vst=MDS,,"Product/Service,Sporting Goods",51212153078,Nike Football,profile_pictures/51212153078.jpg,https://www.facebook.com/nikefootball/,False,True,False,False,Sponsored,15/12/2020 @09:00AM,,,,,,,,,,,,,,,
"360Â° of strong, lightweight Flyknit for a crazy fast feeling on the field.","360Â° of strong, lightweight Flyknit for a crazy fast feeling on the field.",image,2842242976098574,images/131472331_782055465711416_8359288164897604463_n.jpg,,,,,,,,,,,,,,,,,,,,True,https://fb.com/canvas_doc/1265921737140748,,"Product/Service,Sporting Goods",51212153078,Nike Football,profile_pictures/51212153078.jpg,https://www.facebook.com/nikefootball/,False,True,False,False,Sponsored,15/12/2020 @09:00AM,,,,,,,,,,,,,,,
"Introducing the Mercurial Dream Speed 3 soccer cleats, now available to shop on <a href=""https://l.facebook.com/l.php?u=http%3A%2F%2FNike.com%2F&amp;h=AT0AIrQ3jkO4cTapWi5PmB6zXuntVlpsVe25Kpgy7p2W2wlrkQ0UtkMWXs6Wh0jiOF47j6FvhmeSNRKhKRigSb-CCemyEV1vuCo3fVFg11YovofBt8cC8TFzbAOoeuh7i2bl9y4eLYoHOsWZkI3j"" rel=""nofollow noopener"" target=""_blank"" data-lynx-mode=""asynclazy"">Nike.com.</a>","Introducing the Mercurial Dream Speed 3 soccer cleats, now available to shop on
Nike.com.",image,692058348349297,images/131436053_727047901238847_4640433281710700783_n.jpg,,,,,,,,,,,,,,,,,,,,True,https://fb.com/canvas_doc/1265921737140748,,"Product/Service,Sporting Goods",51212153078,Nike Football,profile_pictures/51212153078.jpg,https://www.facebook.com/nikefootball/,False,False,True,False,Sponsored,15/12/2020 @09:00AM,,,,,,,,,,,,,,,
"Introducing the Mercurial Dream Speed 3 soccer cleats, now available to shop on <a href=""https://l.facebook.com/l.php?u=http%3A%2F%2FNike.com%2F&amp;h=AT0jdCU1bO0xUyvPB0upYm_2F9e0t_vHoBcL-mOE-iYKXMVehHWerzHzrPmgchPjwfcOfXWIK5V-BRaJ2LXhldF8x6SCdxHjmzoKHJsiEbTRXPVJcGzmoxw1AvD1wtK_nEMKXnwkjG4EqnLVfLul"" rel=""nofollow noopener"" target=""_blank"" data-lynx-mode=""asynclazy"">Nike.com.</a>","Introducing the Mercurial Dream Speed 3 soccer cleats, now available to shop on
Nike.com.",image,1273305736382640,images/131356026_155914765962098_8977326967965751029_n.jpg,,,,,,,,,,,,,,,,,,,,True,https://fb.com/canvas_doc/1265921737140748,,"Product/Service,Sporting Goods",51212153078,Nike Football,profile_pictures/51212153078.jpg,https://www.facebook.com/nikefootball/,False,False,True,False,Sponsored,15/12/2020 @09:00AM,,,,,,,,,,,,,,,
"Introducing the Mercurial Dream Speed 3 soccer cleats for kids. Shop them now on <a href=""https://l.facebook.com/l.php?u=http%3A%2F%2FNike.com%2F&amp;h=AT3mTlqd1Mk3Fk8lYh2F7oei0wRvjmyx892aSyNwU49XdPp5Qva8Ktege0zIdpaqBYE36NLLlzrnkh5xqXgUrxneqzTV5PDrYEcN5qrH9pCTzRluldwm5gkbLynjCkV1kSFdtEAfoXPNvvcAY7kl"" rel=""nofollow noopener"" target=""_blank"" data-lynx-mode=""asynclazy"">Nike.com.</a>","Introducing the Mercurial Dream Speed 3 soccer cleats for kids. Shop them now on
Nike.com.",image,2804138876581450,images/130680483_848534919228945_7119445558217266077_n.jpg,,,,,,,,,,,,,,,,,,,,True,https://www.nike.com/t/jr-mercurial-superfly-7-academy-mds-mg-little-big-kids-multi-ground-soccer-cleat-Gm9VDX/BQ5409-110,,"Product/Service,Sporting Goods",51212153078,Nike Football,profile_pictures/51212153078.jpg,https://www.facebook.com/nikefootball/,False,False,True,False,Sponsored,15/12/2020 @09:00AM,,,,,,,,,,,,,,,
"Introducing the Mercurial Dream Speed 3 soccer cleats for kids. Shop them now on <a href=""https://l.facebook.com/l.php?u=http%3A%2F%2FNike.com%2F&amp;h=AT3GgIVIhSMU-k1cBgYi_Fz8jKkB4n48mHgu1rJb6rWlE-_-MV8DyWEaXJXRFJkyyy6uskFtAAZuWRi4VfoOz65JmzLNMopZj8lxf7VW2m-4ii2jLXDseI9BMR-6LgKJEoHyXvSakPzHd85OFGsl"" rel=""nofollow noopener"" target=""_blank"" data-lynx-mode=""asynclazy"">Nike.com.</a>","Introducing the Mercurial Dream Speed 3 soccer cleats for kids. Shop them now on
Nike.com.",video,711161332874560,,,,,,,,,,,,,,,,,,,,,True,https://www.nike.com/t/jr-mercurial-superfly-7-academy-mds-mg-little-big-kids-multi-ground-soccer-cleat-Gm9VDX/BQ5409-110,,"Product/Service,Sporting Goods",51212153078,Nike Football,profile_pictures/51212153078.jpg,https://www.facebook.com/nikefootball/,False,False,True,False,Sponsored,15/12/2020 @09:00AM,videos/130764499_217154306605569_7822160833875307732_n.mp4,,,,,,,,,,,,,,
"360Â° of strong, lightweight Flyknit for a crazy fast feeling on the field.","360Â° of strong, lightweight Flyknit for a crazy fast feeling on the field.",video,144195237212963,,,,,,,,,,,,,,,,,,,,,True,https://www.nike.com/w?q=MDS&vst=MDS,,"Product/Service,Sporting Goods",51212153078,Nike Football,profile_pictures/51212153078.jpg,https://www.facebook.com/nikefootball/,False,True,False,False,Sponsored,15/12/2020 @09:00AM,videos/130112541_770169580247429_7076745560297943214_n.mp4,,,,,,,,,,,,,,
"Introducing the Mercurial Dream Speed 3 soccer cleats for kids. Shop them now on <a href=""https://l.facebook.com/l.php?u=http%3A%2F%2FNike.com%2F&amp;h=AT3p7esLhedcFOY6U19A6ww49prarNMhNLHxunMEssD4K2aEWgJ91ZPea15PhtAIa1g6Ti6zgEq3Wgh93luaPFqNvdAVC_sDB3kHkeNjUpQ0IFPZRo0GDnaBb7RqYRAjalzJDTeju46Aj1yAF6zg"" rel=""nofollow noopener"" target=""_blank"" data-lynx-mode=""asynclazy"">Nike.com.</a>","Introducing the Mercurial Dream Speed 3 soccer cleats for kids. Shop them now on
Nike.com.",image,703422470604358,images/131109103_1616541988551998_218199141736060473_n.jpg,,,,,,,,,,,,,,,,,,,,True,https://fb.com/canvas_doc/140134507623673,,"Product/Service,Sporting Goods",51212153078,Nike Football,profile_pictures/51212153078.jpg,https://www.facebook.com/nikefootball/,False,False,True,False,Sponsored,16/12/2020 @09:00AM,,,,,,,,,,,,,,,
"360Â° of strong, lightweight Flyknit for a crazy fast feeling on the field.","360Â° of strong, lightweight Flyknit for a crazy fast feeling on the field.",image,398926041189826,images/131350543_216687579998797_634493945075798773_n.jpg,,,,,,,,,,,,,,,,,,,,True,https://fb.com/canvas_doc/1265921737140748,,"Product/Service,Sporting Goods",51212153078,Nike Football,profile_pictures/51212153078.jpg,https://www.facebook.com/nikefootball/,False,True,False,False,Sponsored,15/12/2020 @09:00AM,,,,,,,,,,,,,,,
"360Â° of strong, lightweight Flyknit for a crazy fast feeling on the field.","360Â° of strong, lightweight Flyknit for a crazy fast feeling on the field.",image,217108806558008,images/131596329_410141300112593_8756339100395457454_n.jpg,,,,,,,,,,,,,,,,,,,,True,https://fb.com/canvas_doc/1265921737140748,,"Product/Service,Sporting Goods",51212153078,Nike Football,profile_pictures/51212153078.jpg,https://www.facebook.com/nikefootball/,False,True,False,False,Sponsored,15/12/2020 @09:00AM,,,,,,,,,,,,,,,
"A strong, lightweight upper wraps their foot for a crazy fast feeling on the field.","A strong, lightweight upper wraps their foot for a crazy fast feeling on the field.",image,773765836591477,images/131424073_1318665651815964_6415234082876799911_n.jpg,,,,,,,,,,,,,,,,,,,,True,https://fb.com/canvas_doc/140134507623673,,"Product/Service,Sporting Goods",51212153078,Nike Football,profile_pictures/51212153078.jpg,https://www.facebook.com/nikefootball/,False,True,False,False,Sponsored,15/12/2020 @09:00AM,,,,,,,,,,,,,,,
"A strong, lightweight upper wraps their foot for a crazy fast feeling on the field.","A strong, lightweight upper wraps their foot for a crazy fast feeling on the field.",carousel,847760389406763,images/131534828_219820859522389_8350493671645783121_n.jpg,,,,,,,,,,,images/131444933_426292028401055_4332990905058627981_n.jpg,,images/131752325_303835840961929_6938434079885086034_n.jpg,images/131418676_212111893789859_4384518856517894924_n.jpg,,,,,,True,https://www.nike.com/t/jr-mercurial-superfly-7-academy-mds-mg-little-big-kids-multi-ground-soccer-cleat-Gm9VDX/BQ5409-110,,"Product/Service,Sporting Goods",51212153078,Nike Football,profile_pictures/51212153078.jpg,https://www.facebook.com/nikefootball/,False,True,False,False,Sponsored,15/12/2020 @09:00AM,,,,,,,,,,,,,,,
"360Â° of strong, lightweight Flyknit for a crazy fast feeling on the field.","360Â° of strong, lightweight Flyknit for a crazy fast feeling on the field.",carousel,432457441244386,images/131092480_741511519798496_1159766817415374660_n.jpg,,,,,,,,,,,images/131692398_869781977106846_788768743519555183_n.jpg,,images/131712513_3538659922854654_5763415537325430808_n.jpg,images/131354559_416239509510247_1428610295359694464_n.jpg,,,,,,True,https://www.nike.com/w?q=MDS&vst=MDS,,"Product/Service,Sporting Goods",51212153078,Nike Football,profile_pictures/51212153078.jpg,https://www.facebook.com/nikefootball/,False,True,False,False,Sponsored,16/12/2020 @09:00AM,,,,,,,,,,,,,,,
,,image,880534362780723,images/125553997_375364860459541_6498984325466642531_n.jpg,,,,,,,,,,,,,,,,,,,,True,https://www.nike.com/w?q=MDS&vst=MDS,,"Product/Service,Sporting Goods",51212153078,Nike Football,profile_pictures/51212153078.jpg,https://www.facebook.com/nikefootball/,False,False,True,False,Sponsored,18/11/2020 @09:00AM,,,,,,,,,,,,,,,
,,image,1713858298789118,images/122381964_1607274422786393_3531097854903791658_n.jpg,,,,,,,,,,,,,,,,,,,,True,https://www.nike.com/w?q=MDS&vst=MDS,,"Product/Service,Sporting Goods",51212153078,Nike Football,profile_pictures/51212153078.jpg,https://www.facebook.com/nikefootball/,False,False,True,False,Sponsored,22/10/2020 @09:00AM,,,,,,,,,,,,,,,
,,image,692620278332046,images/122619709_807485000107684_8991461569268878374_n.jpg,,,,,,,,,,,,,,,,,,,,True,https://www.nike.com/w?q=MDS&vst=MDS,,"Product/Service,Sporting Goods",51212153078,Nike Football,profile_pictures/51212153078.jpg,https://www.facebook.com/nikefootball/,False,False,True,False,Sponsored,22/10/2020 @09:00AM,,,,,,,,,,,,,,,
,,image,856855485059470,images/122560009_2425740707734844_1858206035267681057_n.jpg,,,,,,,,,,,,,,,,,,,,True,https://www.nike.com/w?q=MDS&vst=MDS,,"Product/Service,Sporting Goods",51212153078,Nike Football,profile_pictures/51212153078.jpg,https://www.facebook.com/nikefootball/,False,False,True,False,Sponsored,22/10/2020 @09:00AM,,,,,,,,,,,,,,,
,,image,3502170603195408,images/120685997_353182452610177_2998193169891577243_n.jpg,,,,,,,,,,,,,,,,,,,,True,https://www.nike.com/w?q=MDS&vst=MDS,,"Product/Service,Sporting Goods",51212153078,Nike Football,profile_pictures/51212153078.jpg,https://www.facebook.com/nikefootball/,False,False,True,False,Sponsored,22/10/2020 @09:00AM,,,,,,,,,,,,,,,
,,image,696613924306243,images/122521389_1250188285363958_8675848670438953906_n.jpg,,,,,,,,,,,,,,,,,,,,True,https://www.nike.com/t/jr-mercurial-superfly-7-academy-mds-mg-little-big-kids-multi-ground-soccer-cleat-Gm9VDX/BQ5409-110,,"Product/Service,Sporting Goods",51212153078,Nike Football,profile_pictures/51212153078.jpg,https://www.facebook.com/nikefootball/,False,False,True,False,Sponsored,22/10/2020 @09:00AM,,,,,,,,,,,,,,,
,,image,1314346668902408,images/122461621_268225211210739_2496868060214619088_n.jpg,,,,,,,,,,,,,,,,,,,,True,https://www.nike.com/t/jr-mercurial-superfly-7-academy-mds-mg-little-big-kids-multi-ground-soccer-cleat-Gm9VDX/BQ5409-110,,"Product/Service,Sporting Goods",51212153078,Nike Football,profile_pictures/51212153078.jpg,https://www.facebook.com/nikefootball/,False,False,True,False,Sponsored,22/10/2020 @09:00AM,,,,,,,,,,,,,,,
,,image,316192382763848,images/122675794_815460185939504_4973381702770824846_n.jpg,,,,,,,,,,,,,,,,,,,,True,https://www.nike.com/t/jr-mercurial-superfly-7-academy-mds-mg-little-big-kids-multi-ground-soccer-cleat-Gm9VDX/BQ5409-110,,"Product/Service,Sporting Goods",51212153078,Nike Football,profile_pictures/51212153078.jpg,https://www.facebook.com/nikefootball/,False,False,True,False,Sponsored,22/10/2020 @09:00AM,,,,,,,,,,,,,,,
,,image,347438979893817,images/122539227_643009833012558_3007815661606029168_n.jpg,,,,,,,,,,,,,,,,,,,,True,https://www.nike.com/t/jr-mercurial-superfly-7-academy-mds-mg-little-big-kids-multi-ground-soccer-cleat-Gm9VDX/BQ5409-110,,"Product/Service,Sporting Goods",51212153078,Nike Football,profile_pictures/51212153078.jpg,https://www.facebook.com/nikefootball/,False,False,True,False,Sponsored,22/10/2020 @09:00AM,,,,,,,,,,,,,,,
,,video,822386885250852,,,,,,,,,,,,,,,,,,,,,True,https://www.nike.com/w?q=MDS&vst=MDS,,"Product/Service,Sporting Goods",51212153078,Nike Football,profile_pictures/51212153078.jpg,https://www.facebook.com/nikefootball/,False,False,True,False,Sponsored,18/11/2020 @09:00AM,videos/121829154_1094325064342030_6958068388514669266_n.mp4,,,,,,,,,,,,,,
,,video,363882528186859,,,,,,,,,,,,,,,,,,,,,True,https://www.nike.com/w?q=MDS&vst=MDS,,"Product/Service,Sporting Goods",51212153078,Nike Football,profile_pictures/51212153078.jpg,https://www.facebook.com/nikefootball/,False,False,True,False,Sponsored,22/10/2020 @09:00AM,videos/121829154_1094325064342030_6958068388514669266_n.mp4,,,,,,,,,,,,,,
,,video,1162347557519541,,,,,,,,,,,,,,,,,,,,,True,https://www.nike.com/w?q=MDS&vst=MDS,,"Product/Service,Sporting Goods",51212153078,Nike Football,profile_pictures/51212153078.jpg,https://www.facebook.com/nikefootball/,False,False,True,False,Sponsored,22/10/2020 @09:00AM,videos/121829154_1094325064342030_6958068388514669266_n.mp4,,,,,,,,,,,,,,
,,video,370437817482807,,,,,,,,,,,,,,,,,,,,,True,https://www.nike.com/t/jr-mercurial-superfly-7-academy-mds-mg-little-big-kids-multi-ground-soccer-cleat-Gm9VDX/BQ5409-110,,"Product/Service,Sporting Goods",51212153078,Nike Football,profile_pictures/51212153078.jpg,https://www.facebook.com/nikefootball/,False,False,True,False,Sponsored,22/10/2020 @09:00AM,videos/122456025_185681093033852_5897482829465560280_n.mp4,,,,,,,,,,,,,,
,,video,350058246203543,,,,,,,,,,,,,,,,,,,,,True,https://www.nike.com/t/jr-mercurial-superfly-7-academy-mds-mg-little-big-kids-multi-ground-soccer-cleat-Gm9VDX/BQ5409-110,,"Product/Service,Sporting Goods",51212153078,Nike Football,profile_pictures/51212153078.jpg,https://www.facebook.com/nikefootball/,False,False,True,False,Sponsored,22/10/2020 @09:00AM,videos/122456025_185681093033852_5897482829465560280_n.mp4,,,,,,,,,,,,,,
,,video,796569467847496,,,,,,,,,,,,,,,,,,,,,True,https://www.nike.com/t/jr-mercurial-superfly-7-academy-mds-mg-little-big-kids-multi-ground-soccer-cleat-Gm9VDX/BQ5409-110,,"Product/Service,Sporting Goods",51212153078,Nike Football,profile_pictures/51212153078.jpg,https://www.facebook.com/nikefootball/,False,False,True,False,Sponsored,22/10/2020 @09:00AM,videos/122456025_185681093033852_5897482829465560280_n.mp4,,,,,,,,,,,,,,
,,video,1064397247348972,,,,,,,,,,,,,,,,,,,,,True,https://www.nike.com/t/jr-mercurial-superfly-7-academy-mds-mg-little-big-kids-multi-ground-soccer-cleat-Gm9VDX/BQ5409-110,,"Product/Service,Sporting Goods",51212153078,Nike Football,profile_pictures/51212153078.jpg,https://www.facebook.com/nikefootball/,False,False,True,False,Sponsored,22/10/2020 @09:00AM,videos/122456025_185681093033852_5897482829465560280_n.mp4,,,,,,,,,,,,,,
"A strong, lightweight upper wraps their foot for a crazy fast feeling on the field.","A strong, lightweight upper wraps their foot for a crazy fast feeling on the field.",image,209574470758069,images/130251153_694892604563278_4257447560738375009_n.jpg,,,,,,,,,,,,,,,,,,,,True,https://www.nike.com/t/jr-mercurial-superfly-7-academy-mds-mg-little-big-kids-multi-ground-soccer-cleat-Gm9VDX/BQ5409-110,,"Product/Service,Sporting Goods",51212153078,Nike Football,profile_pictures/51212153078.jpg,https://www.facebook.com/nikefootball/,False,True,False,False,Sponsored,15/12/2020 @09:00AM,,,,,,,,,,,,,,,
,,image,3593605644093785,images/126030721_429370738460679_1695814945977446943_n.jpg,,,,,,,,,,,,,,,,,,,,True,https://www.nike.com/w?q=MDS&vst=MDS,,"Product/Service,Sporting Goods",51212153078,Nike Football,profile_pictures/51212153078.jpg,https://www.facebook.com/nikefootball/,False,False,True,False,Sponsored,18/11/2020 @09:00AM,,,,,,,,,,,,,,,
"A strong, lightweight upper wraps their foot for a crazy fast feeling on the field.","A strong, lightweight upper wraps their foot for a crazy fast feeling on the field.",carousel,1320997894921687,images/131567301_861085368063784_4688160825379710037_n.jpg,,,,,,,,,,,images/130842152_469920414409292_6523031652097652092_n.jpg,,images/131172930_824937261618227_3234515163822903430_n.jpg,images/130268187_432794994392554_1112499371353197387_n.jpg,,,,,,True,https://www.nike.com/t/jr-mercurial-superfly-7-academy-mds-mg-little-big-kids-multi-ground-soccer-cleat-Gm9VDX/BQ5409-110,,"Product/Service,Sporting Goods",51212153078,Nike Football,profile_pictures/51212153078.jpg,https://www.facebook.com/nikefootball/,False,True,False,False,Sponsored,15/12/2020 @09:00AM,,,,,,,,,,,,,,,
